 [
    {"id":"1","img":"imgUsed/wall.jpg", "text": "Lorem ipsum dolor sit amet consectetur adipisicing elit. Repellendus molestias beatae unde amet molestiae Dicta.","date":"12/02/2024"},   
    {"id":"2","img":"imgUsed/wall.jpg", "text": "Lorem ipsum dolor sit amet consectetur adipisicing elit. Repellendus molestias beatae unde amet molestiae Dicta.","date":"12/02/2024"},
    {"id":"3","img":"imgUsed/wall.jpg", "text": "Lorem ipsum dolor sit amet consectetur adipisicing elit. Repellendus molestias beatae unde amet molestiae Dicta.","date":"12/02/2024"},
    {"id":"4","img":"imgUsed/wall.jpg", "text": "Lorem ipsum dolor sit amet consectetur adipisicing elit. Repellendus molestias beatae unde amet molestiae Dicta.","date":"12/02/2024"},
    {"id":"5","img":"imgUsed/wall.jpg", "text": "Lorem ipsum dolor sit amet consectetur adipisicing elit. Repellendus molestias beatae unde amet molestiae Dicta.","date":"12/02/2024"},
    {"id":"6","img":"imgUsed/wall.jpg", "text": "Lorem ipsum dolor sit amet consectetur adipisicing elit. Repellendus molestias beatae unde amet molestiae Dicta.","date":"12/02/2024"},
    {"id":"7","img":"imgUsed/wall.jpg", "text": "Lorem ipsum dolor sit amet consectetur adipisicing elit. Repellendus molestias beatae unde amet molestiae Dicta.","date":"12/02/2024"},
    {"id":"8","img":"imgUsed/wall.jpg", "text": "Lorem ipsum dolor sit amet consectetur adipisicing elit. Repellendus molestias beatae unde amet molestiae Dicta.","date":"12/02/2024"},
    {"id":"9","img":"imgUsed/wall.jpg", "text": "Lorem ipsum dolor sit amet consectetur adipisicing elit. Repellendus molestias beatae unde amet molestiae Dicta.","date":"12/02/2024"},
    {"id":"10","img":"imgUsed/wall.jpg", "text": "Lorem ipsum dolor sit amet consectetur adipisicing elit. Repellendus molestias beatae unde amet molestiae Dicta.","date":"12/02/2024"}
  ]