 [
    {"id":1,"theName":"Kamal lkhder","img":"imgUsed/portrait-man-laughing.jpg","text":"Khedma n9aaaya alm3elm ahmed lah lah ijazik belkhir ou lah i3tik se7a,rak nsiti wa7ed lmtir9a ta trje3 liha","date":"24/07/2023","starsNumber":2},
    {"id":2,"theName":"Kamal lkhder","img":"imgUsed/portrait-man-laughing.jpg","text":"Khedma n9aaaya alm3elm ahmed lah lah ijazik belkhir ou lah i3tik se7a,rak nsiti wa7ed lmtir9a ta trje3 liha","date":"24/07/2023","starsNumber":4},
    {"id":3,"theName":"Kamal lkhder","img":"imgUsed/portrait-man-laughing.jpg","text":"Khedma n9aaaya alm3elm ahmed lah lah ijazik belkhir ou lah i3tik se7a,rak nsiti wa7ed lmtir9a ta trje3 liha","date":"24/07/2023","starsNumber":5},
    {"id":4,"theName":"Kamal lkhder","img":"imgUsed/portrait-man-laughing.jpg","text":"Khedma n9aaaya alm3elm ahmed lah lah ijazik belkhir ou lah i3tik se7a,rak nsiti wa7ed lmtir9a ta trje3 liha","date":"24/07/2023","starsNumber":2},
    {"id":5,"theName":"Kamal lkhder","img":"imgUsed/portrait-man-laughing.jpg","text":"Khedma n9aaaya alm3elm ahmed lah lah ijazik belkhir ou lah i3tik se7a,rak nsiti wa7ed lmtir9a ta trje3 liha","date":"24/07/2023","starsNumber":3}
]
